F ACHILLES.DOC;1                    	achilles.doc.ic.ac.uk
F BIGEARS.DOC;1                     	bigears.doc.ic.ac.uk
F DYLAN.DOC;1                       	dylan.doc.ic.ac.uk
F FLAMINGO.DOC;1                    	flamingo.doc.ic.ac.uk
F GANYMEDE.DOC;1                    	ganymede.doc.ic.ac.uk
F GOULD.DOC;1                       	gould.doc.ic.ac.uk
F GUMMO.DOC;1                       	gummo.doc.ic.ac.uk
F IVAX.DOC;1                        	ivax.doc.ic.ac.uk
F OBSIDIAN.DOC;1                    	obsidian.doc.ic.ac.uk
F PELICAN.DOC;1                     	pelican.doc.ic.ac.uk
F RVAX.DOC;1                        	rvax.doc.ic.ac.uk
F SKY.DOC;1                         	sky.doc.ic.ac.uk
F SVAX.DOC;1                        	svax.doc.ic.ac.uk
F TCSUN1.DOC;1                      	tcsun1.doc.ic.ac.uk
F TCSUN2.DOC;1                      	tcsun2.doc.ic.ac.uk
F TCSUN3.DOC;1                      	tcsun3.doc.ic.ac.uk
F TCSUN4.DOC;1                      	tcsun4.doc.ic.ac.uk
F TCSUN5.DOC;1                      	tcsun5.doc.ic.ac.uk
F TOYTOWN.DOC;1                     	toytown.doc.ic.ac.uk
F TRUTH.DOC;1                       	truth.doc.ic.ac.uk
F TSUN1.DOC;1                       	tsun1.doc.ic.ac.uk
F TSUN10.DOC;1                      	tsun10.doc.ic.ac.uk
F TSUN11.DOC;1                      	tsun11.doc.ic.ac.uk
F TSUN12.DOC;1                      	tsun12.doc.ic.ac.uk
F TSUN13.DOC;1                      	tsun13.doc.ic.ac.uk
F TSUN14.DOC;1                      	tsun14.doc.ic.ac.uk
F TSUN15.DOC;1                      	tsun15.doc.ic.ac.uk
F TSUN16.DOC;1                      	tsun16.doc.ic.ac.uk
F TSUN17.DOC;1                      	tsun17.doc.ic.ac.uk
F TSUN18.DOC;1                      	tsun18.doc.ic.ac.uk
F TSUN19.DOC;1                      	tsun19.doc.ic.ac.uk
F TSUN2.DOC;1                       	tsun2.doc.ic.ac.uk
F TSUN3.DOC;1                       	tsun3.doc.ic.ac.uk
F TSUN4.DOC;1                       	tsun4.doc.ic.ac.uk
F TSUN5.DOC;1                       	tsun5.doc.ic.ac.uk
F TSUN6.DOC;1                       	tsun6.doc.ic.ac.uk
F TSUN7.DOC;1                       	tsun7.doc.ic.ac.uk
F TSUN8.DOC;1                       	tsun8.doc.ic.ac.uk
F TSUN9.DOC;1                       	tsun9.doc.ic.ac.uk
F TSUNFS.DOC;1                      	tsunfs.doc.ic.ac.uk
F WHOOPS.DOC;1                      	whoops.doc.ic.ac.uk
